Independent Variable,Dependent Variable,Dependent Variable Slug,Cpus Per Node,Num Simels Per Cpu,Slope Estimate,Slope Estimate 95% CI Lower Bound,Slope Estimate 95% CI Upper Bound,Absolute Effect Size,Absolute Effect Size 95% CI Lower Bound,Absolute Effect Size 95% CI Upper Bound,Absolute Effect Size 95% CI Width,Relative Effect Size,Relative Effect Size 95% CI Lower Bound,Relative Effect Size 95% CI Upper Bound,Relative Effect Size 95% CI Width,Intercept Estimate,Intercept Estimate 95% CI Lower Bound,Intercept Estimate 95% CI Upper Bound,R^2,p,Significant?,Significant Effect Sign,n,Filter,Num Processes,Num Processes Prettyprint,Regression Model,Statistic
Log Num Processes,Latency Walltime Inlet (ns),latency-walltime-inlet-ns,1,1,-31743.612431799083,-46291.592148140844,-17195.63271545732,-31743.612431799083,-46291.592148140844,-17195.63271545732,29095.959432683525,-0.058258780936434114,-0.08495856393003609,-0.03155899794283213,0.05339956598720396,597540.3267636661,552308.8196733438,642771.8338539884,0.41639239910704784,0.00011802659189635213,True,-,30,lambda row: True,16_64_256,16/64/256,Ordinary Least Squares Regression,mean
Log Num Processes,Latency Walltime Outlet (ns),latency-walltime-outlet-ns,1,1,-32288.331956090307,-47127.2003778221,-17449.463534358518,-32288.331956090307,-47127.2003778221,-17449.463534358518,29677.73684346358,-0.05888123663864926,-0.08594150485498132,-0.0318209684223172,0.054120536432664124,601861.1980991547,555725.2812696873,647997.1149286221,0.41504022247282524,0.00012208516262630177,True,-,30,lambda row: True,16_64_256,16/64/256,Ordinary Least Squares Regression,mean
Log Num Processes,Latency Simsteps Inlet,latency-simsteps-inlet,1,1,-1.1370391418855137,-1.4544356417670667,-0.8196426420039606,-1.1370391418855137,-1.4544356417670667,-0.8196426420039606,0.6347929997631061,-0.14594741147270002,-0.18668760753261016,-0.10520721541278989,0.08148039211982026,9.811942275183679,8.825116453677378,10.79876809668998,0.6579074020555211,5.4471242581966285e-08,True,-,30,lambda row: True,16_64_256,16/64/256,Ordinary Least Squares Regression,mean
Log Num Processes,Latency Simsteps Outlet,latency-simsteps-outlet,1,1,-1.1734975425047225,-1.5070444950700737,-0.8399505899393713,-1.1734975425047225,-1.5070444950700737,-0.8399505899393713,0.6670939051307023,-0.14750004342098347,-0.18942445161472965,-0.10557563522723727,0.08384881638749238,10.040834903853867,9.003795284327312,11.077874523380421,0.649727363359915,7.626107019210354e-08,True,-,30,lambda row: True,16_64_256,16/64/256,Ordinary Least Squares Regression,mean
Log Num Processes,Delivery Failure Rate,delivery-failure-rate,1,1,0.0,0.0,0.0,0.0,0.0,0.0,0.0,,,,,0.0,0.0,0.0,,,,,30,lambda row: True,16_64_256,16/64/256,Ordinary Least Squares Regression,mean
Log Num Processes,Delivery Clumpiness,delivery-clumpiness,1,1,0.0376011370043153,0.02802355743468482,0.047178716573945775,0.0376011370043153,0.02802355743468482,0.047178716573945775,0.019155159139260955,0.19592581875630882,0.14602054278903712,0.24583109472358053,0.09981055193454341,0.12356616649478333,0.09378826147576243,0.15334407151380425,0.6978623632961611,9.319585435627521e-09,True,+,30,lambda row: True,16_64_256,16/64/256,Ordinary Least Squares Regression,mean
Log Num Processes,Simstep Period Inlet (ns),simstep-period-inlet-ns,1,1,8302.228994831337,7044.383961125315,9560.07402853736,8302.228994831337,7044.383961125315,9560.07402853736,2515.6900674120443,0.11848646202094701,0.10053494467455355,0.13643797936734045,0.0359030346927869,54079.96744062541,50169.168300818295,57990.76658043253,0.8671704234051235,8.498988162520516e-14,True,+,30,lambda row: True,16_64_256,16/64/256,Ordinary Least Squares Regression,mean
Log Num Processes,Simstep Period Outlet (ns),simstep-period-outlet-ns,1,1,8238.88110871309,6953.42891118461,9524.333306241571,8238.88110871309,6953.42891118461,9524.333306241571,2570.904395056961,0.11916487037371461,0.10057244957423364,0.13775729117319555,0.037184841598961904,53229.371589100294,49232.73828877558,57226.00488942501,0.8602572735093774,1.7356262777439409e-13,True,+,30,lambda row: True,16_64_256,16/64/256,Ordinary Least Squares Regression,mean
Log Num Processes,Latency Walltime Inlet (ns),latency-walltime-inlet-ns,1,2048,73996.09184085633,7239.683395868153,140752.5002858445,73996.09184085633,7239.683395868153,140752.5002858445,133512.81688997633,0.034341096466626045,0.0033598891468490546,0.06532230378640304,0.06196241463955399,2067359.4233100838,1859805.3147136758,2274913.5319064916,0.1554925710871765,0.031062516112910967,True,+,30,lambda row: True,16_64_256,16/64/256,Ordinary Least Squares Regression,mean
Log Num Processes,Latency Walltime Outlet (ns),latency-walltime-outlet-ns,1,2048,70036.17242502456,1284.737773818022,138787.6070762311,70036.17242502456,1284.737773818022,138787.6070762311,137502.86930241308,0.03214431661250515,0.0005896526942539729,0.06369898053075633,0.06310932783650236,2098674.510051398,1884917.612906242,2312431.4071965544,0.1345805930095224,0.04614196263582518,True,+,30,lambda row: True,16_64_256,16/64/256,Ordinary Least Squares Regression,mean
Log Num Processes,Latency Simsteps Inlet,latency-simsteps-inlet,1,2048,-0.0508713895070835,-0.08211152235684102,-0.019631256657325985,-0.0508713895070835,-0.08211152235684102,-0.019631256657325985,0.062480265699515036,-0.04053558539764508,-0.06542849839324537,-0.01564267240204479,0.04978582599120058,1.3459923002997072,1.2488627800468606,1.4431218205525538,0.2843703504692663,0.0024102986636415085,True,-,30,lambda row: True,16_64_256,16/64/256,Ordinary Least Squares Regression,mean
Log Num Processes,Latency Simsteps Outlet,latency-simsteps-outlet,1,2048,-0.05760316802218113,-0.09091205550886544,-0.024294280535496808,-0.05760316802218113,-0.09091205550886544,-0.024294280535496808,0.06661777497336863,-0.044405678047500174,-0.07008315004495275,-0.018728206050047606,0.051354943994905144,1.398600309028061,1.2950387692197305,1.5021618488363915,0.30947541797798317,0.0014114818363336753,True,-,30,lambda row: True,16_64_256,16/64/256,Ordinary Least Squares Regression,mean
Log Num Processes,Delivery Failure Rate,delivery-failure-rate,1,2048,0.0,0.0,0.0,0.0,0.0,0.0,0.0,,,,,0.0,0.0,0.0,,,,,30,lambda row: True,16_64_256,16/64/256,Ordinary Least Squares Regression,mean
Log Num Processes,Delivery Clumpiness,delivery-clumpiness,1,2048,0.03463886970233601,0.01954163613418123,0.04973610327049079,0.03463886970233601,0.01954163613418123,0.04973610327049079,0.030194467136309563,0.05596107514840581,0.03157063084405346,0.08035151945275816,0.0487808886087047,0.5520351327135586,0.5050959259991599,0.5989743394279574,0.440988889212499,6.29993641727726e-05,True,+,30,lambda row: True,16_64_256,16/64/256,Ordinary Least Squares Regression,mean
Log Num Processes,Simstep Period Inlet (ns),simstep-period-inlet-ns,1,2048,138786.2401358037,89226.35388431935,188346.12638728804,138786.2401358037,89226.35388431935,188346.12638728804,99119.77250296868,0.08133715090059318,0.05229205289441632,0.11038224890677005,0.05809019601235373,1501955.5934427618,1347867.6451442419,1656043.5417412817,0.5402692807725823,3.729351364843757e-06,True,+,30,lambda row: True,16_64_256,16/64/256,Ordinary Least Squares Regression,mean
Log Num Processes,Simstep Period Outlet (ns),simstep-period-outlet-ns,1,2048,137646.97886178613,89051.3466442465,186242.61107932578,137646.97886178613,89051.3466442465,186242.61107932578,97191.26443507928,0.08226028939980504,0.053218672919466206,0.1113019058801439,0.05808323296067769,1469692.5743749617,1318602.613702466,1620782.5350474573,0.5459295860242285,3.120993029129374e-06,True,+,30,lambda row: True,16_64_256,16/64/256,Ordinary Least Squares Regression,mean
Log Num Processes,Latency Walltime Inlet (ns),latency-walltime-inlet-ns,4,1,-7602.136983915034,-23621.10508281317,8416.8311149831,-7602.136983915034,-23621.10508281317,8416.8311149831,32037.93619779627,-0.016891468351195815,-0.05248460397001821,0.01870166726762658,0.07118627123764479,455113.2153485483,405308.21951596154,504918.2111811351,0.03264834850382303,0.33931714801457946,False,0,30,lambda row: True,16_64_256,16/64/256,Ordinary Least Squares Regression,mean
Log Num Processes,Latency Walltime Outlet (ns),latency-walltime-outlet-ns,4,1,-8397.276486325758,-24426.9348023211,7632.3818296695845,-8397.276486325758,-24426.9348023211,7632.3818296695845,32059.31663199068,-0.018513315106259202,-0.05385359667647325,0.016826966463954852,0.0706805631404281,459836.9254602562,409998.6923919943,509675.15852851816,0.039500277836354236,0.2923986045939655,False,0,30,lambda row: True,16_64_256,16/64/256,Ordinary Least Squares Regression,mean
Log Num Processes,Latency Simsteps Inlet,latency-simsteps-inlet,4,1,-0.5442153986240884,-0.7419866882206424,-0.3464441090275344,-0.5442153986240884,-0.7419866882206424,-0.3464441090275344,0.395542579193108,-0.0808824361195381,-0.11027562076207922,-0.05148925147699698,0.05878636928508224,7.647029154155099,7.032133226193347,8.261925082116852,0.5315550531500005,4.8859075143711495e-06,True,-,30,lambda row: True,16_64_256,16/64/256,Ordinary Least Squares Regression,mean
Log Num Processes,Latency Simsteps Outlet,latency-simsteps-outlet,4,1,-0.5695101049890896,-0.7600324543669063,-0.37898775561127296,-0.5695101049890896,-0.7600324543669063,-0.37898775561127296,0.3810446987556333,-0.08361791103063951,-0.11159121777280502,-0.055644604288473995,0.055946613484331026,7.783378183720368,7.191020126809729,8.375736240631007,0.5724696650132934,1.3149158552244357e-06,True,-,30,lambda row: True,16_64_256,16/64/256,Ordinary Least Squares Regression,mean
Log Num Processes,Delivery Failure Rate,delivery-failure-rate,4,1,0.021999308403050633,0.010416319702862869,0.0335822971032384,0.021999308403050633,0.010416319702862869,0.0335822971032384,0.023165977400375532,0.43927085295586416,0.20798770382722812,0.6705540020845003,0.46256629825727225,0.006440740338853047,-0.02957223505257887,0.04245371573028496,0.3508892817137407,0.0005631807286766953,True,+,30,lambda row: True,16_64_256,16/64/256,Ordinary Least Squares Regression,mean
Log Num Processes,Delivery Clumpiness,delivery-clumpiness,4,1,0.020532114787814658,0.011240292847801184,0.029823936727828133,0.020532114787814658,0.011240292847801184,0.029823936727828133,0.01858364388002695,0.06009096552997454,0.03289675988295656,0.08728517117699253,0.05438841129403597,0.30337476396374036,0.27448531552096944,0.3322642124065113,0.4225367523249537,0.0001011272511626059,True,+,30,lambda row: True,16_64_256,16/64/256,Ordinary Least Squares Regression,mean
Log Num Processes,Simstep Period Inlet (ns),simstep-period-inlet-ns,4,1,2607.6812560786707,426.15146076978635,4789.211051387555,2607.6812560786707,426.15146076978635,4789.211051387555,4363.059590617769,0.039610744086625155,0.006473251443344435,0.07274823672990587,0.06627498528656144,61530.80288042029,54748.15110826922,68313.45465257137,0.17635952634077812,0.02086504301132864,True,+,30,lambda row: True,16_64_256,16/64/256,Ordinary Least Squares Regression,mean
Log Num Processes,Simstep Period Outlet (ns),simstep-period-outlet-ns,4,1,2686.5499508312287,719.053986822935,4654.045914839522,2686.5499508312287,719.053986822935,4654.045914839522,3934.991928016587,0.04139465485241851,0.011079262306506335,0.07171004739833067,0.06063078509182434,60444.990494008394,54327.79694676582,66562.18404125098,0.2183876533398581,0.009220838000338273,True,+,30,lambda row: True,16_64_256,16/64/256,Ordinary Least Squares Regression,mean
Log Num Processes,Latency Walltime Inlet (ns),latency-walltime-inlet-ns,4,2048,280317.70340233174,153030.14840554763,407605.2583991159,280317.70340233174,153030.14840554763,407605.2583991159,254575.10999356824,0.15401705518259223,0.08408050053745358,0.22395360982773088,0.1398731092902773,1377116.2002613996,981363.1088627682,1772869.291660031,0.4208878405006443,0.0001054245821746408,True,+,30,lambda row: True,16_64_256,16/64/256,Ordinary Least Squares Regression,mean
Log Num Processes,Latency Walltime Outlet (ns),latency-walltime-outlet-ns,4,2048,278787.4770151966,148714.3667808851,408860.58724950807,278787.4770151966,148714.3667808851,408860.58724950807,260146.22046862298,0.15139704347118801,0.0807601392048488,0.22203394773752724,0.14127380853267846,1403214.9337106803,998801.199120804,1807628.6683005567,0.4077261479858977,0.00014640524241289968,True,+,30,lambda row: True,16_64_256,16/64/256,Ordinary Least Squares Regression,mean
Log Num Processes,Latency Simsteps Inlet,latency-simsteps-inlet,4,2048,0.0035885202658039773,-0.031189294823595417,0.03836633535520337,0.0035885202658039773,-0.031189294823595417,0.03836633535520337,0.06955563017879879,0.0027437394286950923,-0.023846959644108927,0.02933443850149911,0.05318139814560804,1.300248625393101,1.1921200040674143,1.4083772467187876,0.0015929728676350452,0.8341347449804981,False,0,30,lambda row: True,16_64_256,16/64/256,Ordinary Least Squares Regression,mean
Log Num Processes,Latency Simsteps Outlet,latency-simsteps-outlet,4,2048,0.00900132979206894,-0.029692957152031116,0.047695616736169,0.00900132979206894,-0.029692957152031116,0.047695616736169,0.07738857388820011,0.00678186810676211,-0.022371552176906555,0.035935288390430774,0.05830684056733733,1.3110490617147612,1.1907436345425588,1.4313544888869636,0.008044266958913693,0.6374055947324533,False,0,30,lambda row: True,16_64_256,16/64/256,Ordinary Least Squares Regression,mean
Log Num Processes,Delivery Failure Rate,delivery-failure-rate,4,2048,0.0,0.0,0.0,0.0,0.0,0.0,0.0,,,,,0.0,0.0,0.0,,,,,30,lambda row: True,16_64_256,16/64/256,Ordinary Least Squares Regression,mean
Log Num Processes,Delivery Clumpiness,delivery-clumpiness,4,2048,-0.032558384190058985,-0.07007375255962453,0.004956984179506553,-0.032558384190058985,-0.07007375255962453,0.004956984179506553,0.07503073673913108,-0.04608346726071461,-0.09918310021364188,0.007016165692212648,0.10619926590585453,0.7692522871555613,0.6526122667891625,0.88589230752196,0.10142313299332029,0.08630941831872418,False,0,30,lambda row: True,16_64_256,16/64/256,Ordinary Least Squares Regression,mean
Log Num Processes,Simstep Period Inlet (ns),simstep-period-inlet-ns,4,2048,174352.00827858463,91894.30455349092,256809.71200367835,174352.00827858463,91894.30455349092,256809.71200367835,164915.40745018743,0.11635614722811023,0.061326894571618926,0.17138539988460155,0.11005850531298263,1235545.7864219213,979174.3669248405,1491917.2059190022,0.4011927170589735,0.00017190573307869072,True,+,30,lambda row: True,16_64_256,16/64/256,Ordinary Least Squares Regression,mean
Log Num Processes,Simstep Period Outlet (ns),simstep-period-outlet-ns,4,2048,174123.88721221834,93066.77764759201,255180.99677684467,174123.88721221834,93066.77764759201,255180.99677684467,162114.21912925265,0.11861045942648157,0.0633956284278755,0.17382529042508765,0.11042966199721216,1204179.3894522719,952162.5941665984,1456196.1847379454,0.4088181147908023,0.00014250632511337728,True,+,30,lambda row: True,16_64_256,16/64/256,Ordinary Least Squares Regression,mean
Log Num Processes,Latency Walltime Inlet (ns),latency-walltime-inlet-ns,1,1,-26364.20042554076,-46719.595104054424,-6008.805747027094,-26364.20042554076,-46719.595104054424,-6008.805747027094,40710.78935702733,-0.04896457263982108,-0.08676936797822804,-0.011159777301414132,0.07560959067681391,577030.1109144991,513742.6169339245,640317.6048950738,,0.01299287746294531,True,-,30,lambda row: True,16_64_256,16/64/256,Quantile Regression,median
Log Num Processes,Latency Walltime Outlet (ns),latency-walltime-outlet-ns,1,1,-25947.1998465052,-46974.0721598907,-4920.327533119696,-25947.1998465052,-46974.0721598907,-4920.327533119696,42053.744626771004,-0.04772537345163256,-0.08640065786045398,-0.009050089042811136,0.07735056881764284,577621.1667566438,512245.96396736207,642996.3695459255,,0.01740372496304578,True,-,30,lambda row: True,16_64_256,16/64/256,Quantile Regression,median
Log Num Processes,Latency Simsteps Inlet,latency-simsteps-inlet,1,1,-1.094059176582756,-1.572600638807426,-0.6155177143580861,-1.094059176582756,-1.572600638807426,-0.6155177143580861,0.95708292444934,-0.140983837526993,-0.20265016527622995,-0.07931750977775606,0.12333265549847389,9.723695873537997,8.235850003275038,11.211541743800955,,6.593728218348322e-05,True,-,30,lambda row: True,16_64_256,16/64/256,Quantile Regression,median
Log Num Processes,Latency Simsteps Outlet,latency-simsteps-outlet,1,1,-1.0760962245132142,-1.6025117163322173,-0.5496807326942111,-1.0760962245132142,-1.6025117163322173,-0.5496807326942111,1.0528309836380063,-0.1347203755596805,-0.2006242335444728,-0.06881651757488823,0.13180771596958457,9.739041930229423,8.102349653024753,11.375734207434093,,0.00025378729891599786,True,-,30,lambda row: True,16_64_256,16/64/256,Quantile Regression,median
Log Num Processes,Delivery Failure Rate,delivery-failure-rate,1,1,0.0,,,0.0,,,,,,,,0.0,,,,,,,30,lambda row: True,16_64_256,16/64/256,Quantile Regression,median
Log Num Processes,Delivery Clumpiness,delivery-clumpiness,1,1,0.037601137004314056,0.02443474115529074,0.05076753285333737,0.037601137004314056,0.02443474115529074,0.05076753285333737,0.02633279169804663,0.19430085203215514,0.12626456016778018,0.2623371438965301,0.13607258372874995,0.12356616649478745,0.08263017821250228,0.16450215477707264,,2.742611696644258e-06,True,+,30,lambda row: True,16_64_256,16/64/256,Quantile Regression,median
Log Num Processes,Simstep Period Inlet (ns),simstep-period-inlet-ns,1,1,8606.152040858979,6871.9269819523915,10340.377099765567,8606.152040858979,6871.9269819523915,10340.377099765567,3468.450117813175,0.12290969651162585,0.0981421726913297,0.14767722033192202,0.049535047640592314,53279.62188790161,47887.69705863927,58671.54671716395,,6.693898633248713e-11,True,+,30,lambda row: True,16_64_256,16/64/256,Quantile Regression,median
Log Num Processes,Simstep Period Outlet (ns),simstep-period-outlet-ns,1,1,8498.307356966576,6841.955266249048,10154.659447684104,8498.307356966576,6841.955266249048,10154.659447684104,3312.704181435056,0.12297007937377241,0.09900274805579201,0.1469374106917528,0.0479346626359608,52582.51347210451,47432.705540271665,57732.321403937356,,3.1751261436136656e-11,True,+,30,lambda row: True,16_64_256,16/64/256,Quantile Regression,median
Log Num Processes,Latency Walltime Inlet (ns),latency-walltime-inlet-ns,1,2048,61340.720826346595,-29184.186024724397,151865.6276774176,61340.720826346595,-29184.186024724397,151865.6276774176,181049.81370214198,0.028980036488010022,-0.013787884532098966,0.071747957508119,0.08553584204021797,2095667.7199513721,1814214.346636207,2377121.093266537,,0.1760761350848037,False,0,30,lambda row: True,16_64_256,16/64/256,Quantile Regression,median
Log Num Processes,Latency Walltime Outlet (ns),latency-walltime-outlet-ns,1,2048,60077.28778098437,-32351.54452200581,152506.12008397456,60077.28778098437,-32351.54452200581,152506.12008397456,184857.66460598036,0.028026564376018696,-0.015092269952582976,0.07114539870462036,0.08623766865720334,2119128.114222248,1831755.1961141247,2406501.0323303714,,0.19378570017564178,False,0,30,lambda row: True,16_64_256,16/64/256,Quantile Regression,median
Log Num Processes,Latency Simsteps Inlet,latency-simsteps-inlet,1,2048,-0.033576606824121516,-0.07395018820342211,0.0067969745551790875,-0.033576606824121516,-0.07395018820342211,0.0067969745551790875,0.0807471627586012,-0.027212196728967873,-0.05993300871873827,0.005508615260802532,0.0654416239795408,1.2876249016728123,1.1620983359209904,1.4131514674246342,,0.09954062205379993,False,0,30,lambda row: True,16_64_256,16/64/256,Quantile Regression,median
Log Num Processes,Latency Simsteps Outlet,latency-simsteps-outlet,1,2048,-0.03694224713979159,-0.07959977627679005,0.005715281997206861,-0.03694224713979159,-0.07959977627679005,0.005715281997206861,0.08531505827399691,-0.02909381947638589,-0.06268870197836857,0.004501063025596788,0.06718976500396535,1.3287823193196484,1.1961546714099933,1.4614099672293035,,0.0869465294420708,False,0,30,lambda row: True,16_64_256,16/64/256,Quantile Regression,median
Log Num Processes,Delivery Failure Rate,delivery-failure-rate,1,2048,0.0,,,0.0,,,,,,,,0.0,,,,,,,30,lambda row: True,16_64_256,16/64/256,Quantile Regression,median
Log Num Processes,Delivery Clumpiness,delivery-clumpiness,1,2048,0.030508905539818908,0.00643056183748986,0.05458724924214796,0.030508905539818908,0.00643056183748986,0.05458724924214796,0.0481566874046581,0.049559262049565206,0.010445930248600625,0.0886725938505298,0.07822666360192918,0.5626064055022442,0.4877437926081852,0.6374690183963032,,0.014872402781259682,True,+,30,lambda row: True,16_64_256,16/64/256,Quantile Regression,median
Log Num Processes,Simstep Period Inlet (ns),simstep-period-inlet-ns,1,2048,137824.80121922528,32552.10777607013,243097.49466238043,137824.80121922528,32552.10777607013,243097.49466238043,210545.3868863103,0.08074136310856198,0.019069873713919775,0.14241285250320418,0.12334297878928441,1437706.1427754897,1110400.037547515,1765012.2480034644,,0.01214083655913452,True,+,30,lambda row: True,16_64_256,16/64/256,Quantile Regression,median
Log Num Processes,Simstep Period Outlet (ns),simstep-period-outlet-ns,1,2048,138375.42585162172,34632.072398276054,242118.77930496738,138375.42585162172,34632.072398276054,242118.77930496738,207486.7069066913,0.08268665423266111,0.02069449960592969,0.14467880885939252,0.12398430925346283,1400798.1687196982,1078246.974753723,1723349.3626856734,,0.01077048623143387,True,+,30,lambda row: True,16_64_256,16/64/256,Quantile Regression,median
Log Num Processes,Latency Walltime Inlet (ns),latency-walltime-inlet-ns,4,1,-1358.5066651112093,-22929.763081126755,20212.749750904335,-1358.5066651112093,-22929.763081126755,20212.749750904335,43142.51283203109,-0.0029778872932485156,-0.05026272735356556,0.04430695276706852,0.09456968012063408,438982.52066667436,371914.758918824,506050.2824145247,,0.8982768231231599,False,0,30,lambda row: True,16_64_256,16/64/256,Quantile Regression,median
Log Num Processes,Latency Walltime Outlet (ns),latency-walltime-outlet-ns,4,1,-3414.785152350246,-25584.868217150062,18755.29791244957,-3414.785152350246,-25584.868217150062,18755.29791244957,44340.16612959963,-0.007424206200998302,-0.05562497457234096,0.04077656217034435,0.09640153674268531,445973.7325829516,377044.1431216673,514903.3220442359,,0.7547145495856546,False,0,30,lambda row: True,16_64_256,16/64/256,Quantile Regression,median
Log Num Processes,Latency Simsteps Inlet,latency-simsteps-inlet,4,1,-0.4234043575733691,-0.7236924760163068,-0.1231162391304314,-0.4234043575733691,-0.7236924760163068,-0.1231162391304314,0.6005762368858754,-0.06308587848475447,-0.10782783593431627,-0.01834392103519268,0.08948391489912359,7.318485745850175,6.384852043898138,8.252119447802212,,0.00739211311653476,True,-,30,lambda row: True,16_64_256,16/64/256,Quantile Regression,median
Log Num Processes,Latency Simsteps Outlet,latency-simsteps-outlet,4,1,-0.4665221264933645,-0.7574414670299616,-0.17560278595676743,-0.4665221264933645,-0.7574414670299616,-0.17560278595676743,0.5818386810731941,-0.06827545390443408,-0.11085146240806787,-0.025699445400800318,0.08515201700726754,7.452531179479079,6.54802619179259,8.357036167165568,,0.002744597048039553,True,-,30,lambda row: True,16_64_256,16/64/256,Quantile Regression,median
Log Num Processes,Delivery Failure Rate,delivery-failure-rate,4,1,0.018570249009687383,0.007647403663324125,0.02949309435605064,0.018570249009687383,0.007647403663324125,0.02949309435605064,0.021845690692726516,0.33747804425591654,0.13897664110954233,0.5359794474022908,0.3970028062927484,0.020085278031139037,-0.013875228263460066,0.054045784325738144,,0.001649578101354739,True,+,30,lambda row: True,16_64_256,16/64/256,Quantile Regression,median
Log Num Processes,Delivery Clumpiness,delivery-clumpiness,4,1,0.024127220768597316,0.013715952844551765,0.034538488692642866,0.024127220768597316,0.013715952844551765,0.034538488692642866,0.0208225358480911,0.07159934500975079,0.04070312321810069,0.10249556680140089,0.061792443583300195,0.2896890787580481,0.2573191313077688,0.32205902620832744,,5.538267997586384e-05,True,+,30,lambda row: True,16_64_256,16/64/256,Quantile Regression,median
Log Num Processes,Simstep Period Inlet (ns),simstep-period-inlet-ns,4,1,1962.343256974383,-473.8891100756075,4398.575624024374,1962.343256974383,-473.8891100756075,4398.575624024374,4872.464734099981,0.029695374180403213,-0.007171178841264852,0.06656192720207128,0.07373310604333613,63440.35400060907,55865.79975098272,71014.90825023541,,0.11012697068624569,False,0,30,lambda row: True,16_64_256,16/64/256,Quantile Regression,median
Log Num Processes,Simstep Period Outlet (ns),simstep-period-outlet-ns,4,1,1672.3577333228109,-460.2179598019279,3804.9334264475497,1672.3577333228109,-460.2179598019279,3804.9334264475497,4265.151386249478,0.025818075128263073,-0.0071049044261205264,0.05874105468264667,0.0658459591087672,63799.755891332505,57169.30860827315,70430.20317439186,,0.11941679826373851,False,0,30,lambda row: True,16_64_256,16/64/256,Quantile Regression,median
Log Num Processes,Latency Walltime Inlet (ns),latency-walltime-inlet-ns,4,2048,202540.3981489981,24753.46904069651,380327.3272572997,202540.3981489981,24753.46904069651,380327.3272572997,355573.85821660317,0.11050226301730351,0.013505030954434588,0.20749949508017243,0.19399446412573784,1610117.2079981924,1057355.18183894,2162879.234157445,,0.02702188342410814,True,+,30,lambda row: True,16_64_256,16/64/256,Quantile Regression,median
Log Num Processes,Latency Walltime Outlet (ns),latency-walltime-outlet-ns,4,2048,196649.78029228712,13460.971337271534,379838.58924730273,196649.78029228712,13460.971337271534,379838.58924730273,366377.61791003123,0.10617944257444174,0.007268141520309074,0.20509074362857443,0.19782260210826536,1657869.8874827207,1088312.7343469532,2227427.040618488,,0.036309637798795945,True,+,30,lambda row: True,16_64_256,16/64/256,Quantile Regression,median
Log Num Processes,Latency Simsteps Inlet,latency-simsteps-inlet,4,2048,-0.0031158929318201027,-0.05882777491565662,0.052595989052016415,-0.0031158929318201027,-0.05882777491565662,0.052595989052016415,0.11142376396767303,-0.002349313304334602,-0.04435482132982763,0.03965619472115843,0.08401101605098607,1.3254029659736632,1.1521876856322657,1.4986182463150608,,0.9096077268370013,False,0,30,lambda row: True,16_64_256,16/64/256,Quantile Regression,median
Log Num Processes,Latency Simsteps Outlet,latency-simsteps-outlet,4,2048,-0.0029931027105051422,-0.06320984966690703,0.057223644245896745,-0.0029931027105051422,-0.06320984966690703,0.057223644245896745,0.12043349391280378,-0.0022073285727522607,-0.04661547589377293,0.04220081874826841,0.08881629464204133,1.3607096980309044,1.1734882232954735,1.5479311727663352,,0.9196275250498283,False,0,30,lambda row: True,16_64_256,16/64/256,Quantile Regression,median
Log Num Processes,Delivery Failure Rate,delivery-failure-rate,4,2048,0.0,,,0.0,,,,,,,,0.0,,,,,,,30,lambda row: True,16_64_256,16/64/256,Quantile Regression,median
Log Num Processes,Delivery Clumpiness,delivery-clumpiness,4,2048,-0.01878307040335934,-0.06120478668410789,0.023638645877389213,-0.01878307040335934,-0.06120478668410789,0.023638645877389213,0.08484343256149711,-0.027959058444345965,-0.09110481786133581,0.03518670097264389,0.1262915188339797,0.7119114660831031,0.5800169901387262,0.8438059420274799,,0.3721605005405033,False,0,30,lambda row: True,16_64_256,16/64/256,Quantile Regression,median
Log Num Processes,Simstep Period Inlet (ns),simstep-period-inlet-ns,4,2048,136852.5135535847,27024.666531854178,246680.3605753152,136852.5135535847,27024.666531854178,246680.3605753152,219655.694043461,0.08691797503056922,0.01716394701004477,0.1566720030510937,0.13950805604104893,1307117.0106677501,965648.3574156396,1648585.6639198607,,0.016437421673057402,True,+,30,lambda row: True,16_64_256,16/64/256,Quantile Regression,median
Log Num Processes,Simstep Period Outlet (ns),simstep-period-outlet-ns,4,2048,135722.52167476015,27929.42006069928,243515.62328882102,135722.52167476015,27929.42006069928,243515.62328882102,215586.20322812174,0.08820496231674639,0.018151102805811573,0.1582588218276812,0.14010771902186964,1282051.1315141884,946908.7588266999,1617193.5042016767,,0.01544892789222929,True,+,30,lambda row: True,16_64_256,16/64/256,Quantile Regression,median
Log Num Processes,Latency Walltime Inlet (ns),latency-walltime-inlet-ns,1,1,-64202.05472915762,-93652.50402747391,-34751.60543084132,-64202.05472915762,-93652.50402747391,-34751.60543084132,58900.89859663259,-0.11782948302342798,-0.17187964123514504,-0.06377932481171092,0.10810031642343412,673276.6921241691,598192.4842960741,748360.899952264,0.53818375261878,0.00023223536936655228,True,-,20,lambda row: row['Num Processes'] in [16]+[64],16_64,16/64,Ordinary Least Squares Regression,mean
Log Num Processes,Latency Walltime Outlet (ns),latency-walltime-outlet-ns,1,1,-65525.78722613331,-95562.18230178229,-35489.39215048433,-65525.78722613331,-95562.18230178229,-35489.39215048433,60072.79015129796,-0.11949330144532243,-0.17426788963483877,-0.0647187132558061,0.10954917637903268,679415.2603959215,602837.1780915633,755993.3427002798,0.5385356186548064,0.0002305842095288837,True,-,20,lambda row: row['Num Processes'] in [16]+[64],16_64,16/64,Ordinary Least Squares Regression,mean
Log Num Processes,Latency Simsteps Inlet,latency-simsteps-inlet,1,1,-1.8956837235155017,-2.5490657372345997,-1.2423017097964038,-1.8956837235155017,-2.5490657372345997,-1.2423017097964038,1.306764027438196,-0.2433250731889707,-0.32719150319329865,-0.15945864318464276,0.1677328600086559,11.58211296565365,9.916309146761535,13.247916784545765,0.6736470054634972,9.273547209958773e-06,True,-,20,lambda row: row['Num Processes'] in [16]+[64],16_64,16/64,Ordinary Least Squares Regression,mean
Log Num Processes,Latency Simsteps Outlet,latency-simsteps-outlet,1,1,-1.9597176870117348,-2.6507520052036972,-1.2686833688197723,-1.9597176870117348,-2.6507520052036972,-1.2686833688197723,1.382068636383925,-0.24632215531540996,-0.33318010622440725,-0.15946420440641265,0.1737159018179946,11.875348574370229,10.113549837858677,13.63714731088178,0.6635407680997947,1.228254162754772e-05,True,-,20,lambda row: row['Num Processes'] in [16]+[64],16_64,16/64,Ordinary Least Squares Regression,mean
Log Num Processes,Delivery Failure Rate,delivery-failure-rate,1,1,0.0,0.0,0.0,0.0,0.0,0.0,0.0,,,,,0.0,0.0,0.0,,,,,20,lambda row: row['Num Processes'] in [16]+[64],16_64,16/64,Ordinary Least Squares Regression,mean
Log Num Processes,Delivery Clumpiness,delivery-clumpiness,1,1,0.05816094560055984,0.03906438068961469,0.07725751051150498,0.05816094560055984,0.03906438068961469,0.07725751051150498,0.03819312982189029,0.30305548699559404,0.20355024822633735,0.40256072576485064,0.19901047753851328,0.0755932797702128,0.026906401208462508,0.12428015833196308,0.694616623530157,5.0337842894630145e-06,True,+,20,lambda row: row['Num Processes'] in [16]+[64],16_64,16/64,Ordinary Least Squares Regression,mean
Log Num Processes,Simstep Period Inlet (ns),simstep-period-inlet-ns,1,1,10148.477751268889,7266.2439379561965,13030.711564581581,10148.477751268889,7266.2439379561965,13030.711564581581,5764.467626625385,0.1448354682091704,0.10370125142604233,0.18596968499229846,0.08226843356625613,49772.05367560442,42423.77044719523,57120.3369040136,0.7524826136485185,7.338058776062277e-07,True,+,20,lambda row: row['Num Processes'] in [16]+[64],16_64,16/64,Ordinary Least Squares Regression,mean
Log Num Processes,Simstep Period Outlet (ns),simstep-period-outlet-ns,1,1,9944.764442928416,6973.887268135023,12915.641617721809,9944.764442928416,6973.887268135023,12915.641617721809,5941.754349586786,0.14383828945964697,0.10086835352306923,0.18680822539622471,0.08593987187315548,49248.97714259788,41674.69679921843,56823.25748597734,0.7331686244871829,1.459490052530054e-06,True,+,20,lambda row: row['Num Processes'] in [16]+[64],16_64,16/64,Ordinary Least Squares Regression,mean
Log Num Processes,Latency Walltime Inlet (ns),latency-walltime-inlet-ns,1,2048,255834.61330742063,125168.10291887679,386501.12369596446,255834.61330742063,125168.10291887679,386501.12369596446,261333.02077708766,0.11873115074762887,0.05808968811658771,0.17937261337867003,0.12128292526208231,1643069.5398880988,1309933.996765969,1976205.0830102286,0.4845415656668778,0.0006524227084337657,True,+,20,lambda row: row['Num Processes'] in [16]+[64],16_64,16/64,Ordinary Least Squares Regression,mean
Log Num Processes,Latency Walltime Outlet (ns),latency-walltime-outlet-ns,1,2048,249864.10133125854,112124.01047774023,387604.1921847769,249864.10133125854,112124.01047774023,387604.1921847769,275480.1817070367,0.11467946498488603,0.05146126020120042,0.17789766976857163,0.1264364095673712,1679076.009270184,1327906.3037371174,2030245.7148032505,0.4465742798213568,0.001279272250636938,True,+,20,lambda row: row['Num Processes'] in [16]+[64],16_64,16/64,Ordinary Least Squares Regression,mean
Log Num Processes,Latency Simsteps Inlet,latency-simsteps-inlet,1,2048,-0.08306582632849607,-0.1592971601732504,-0.006834492483741725,-0.08306582632849607,-0.1592971601732504,-0.006834492483741725,0.15246266768950867,-0.06618891147637826,-0.12693192976193457,-0.005445893190821928,0.12148603657111265,1.4211126528830027,1.2267601234721985,1.6154651822938069,0.2254999947391909,0.034365164938112064,True,-,20,lambda row: row['Num Processes'] in [16]+[64],16_64,16/64,Ordinary Least Squares Regression,mean
Log Num Processes,Latency Simsteps Outlet,latency-simsteps-outlet,1,2048,-0.09902952226739442,-0.17889157475685982,-0.01916746977792902,-0.09902952226739442,-0.17889157475685982,-0.01916746977792902,0.1597241049789308,-0.07634082002764746,-0.1379056386448142,-0.01477600141048071,0.12312963723433348,1.4952618022668918,1.2916527202472141,1.6988708842865694,0.27380851702483033,0.017904091169123584,True,-,20,lambda row: row['Num Processes'] in [16]+[64],16_64,16/64,Ordinary Least Squares Regression,mean
Log Num Processes,Delivery Failure Rate,delivery-failure-rate,1,2048,0.0,0.0,0.0,0.0,0.0,0.0,0.0,,,,,0.0,0.0,0.0,,,,,20,lambda row: row['Num Processes'] in [16]+[64],16_64,16/64,Ordinary Least Squares Regression,mean
Log Num Processes,Delivery Clumpiness,delivery-clumpiness,1,2048,0.04163301471821429,0.004993494272408715,0.07827253516401986,0.04163301471821429,0.004993494272408715,0.07827253516401986,0.07327904089161114,0.06726051644645765,0.00806727559625171,0.12645375729666358,0.11838648170041187,0.5357154610098426,0.44230264614892034,0.6291282758707648,0.24047317800201973,0.028153420133897836,True,+,20,lambda row: row['Num Processes'] in [16]+[64],16_64,16/64,Ordinary Least Squares Regression,mean
Log Num Processes,Simstep Period Inlet (ns),simstep-period-inlet-ns,1,2048,358446.1346047803,341524.9768151012,375367.29239445936,358446.1346047803,341524.9768151012,375367.29239445936,33842.31557935814,0.21007116636025955,0.20015434201798232,0.2199879907025368,0.019833648684554478,989415.8396818163,946275.1828007383,1032556.4965628943,0.9909939165466892,7.258821191186463e-20,True,+,20,lambda row: row['Num Processes'] in [16]+[64],16_64,16/64,Ordinary Least Squares Regression,mean
Log Num Processes,Simstep Period Outlet (ns),simstep-period-outlet-ns,1,2048,352676.06435691006,334754.91569870216,370597.213015118,352676.06435691006,334754.91569870216,370597.213015118,35842.29731641582,0.21076550577629755,0.20005550772772882,0.22147550382486625,0.021419996097137434,967958.0415530042,922267.8981959044,1013648.1849101039,0.9895796311581823,2.6994114946756243e-19,True,+,20,lambda row: row['Num Processes'] in [16]+[64],16_64,16/64,Ordinary Least Squares Regression,mean
Log Num Processes,Latency Walltime Inlet (ns),latency-walltime-inlet-ns,4,1,-38048.69490481424,-74173.7594526172,-1923.6303570112723,-38048.69490481424,-74173.7594526172,-1923.6303570112723,72250.12909560592,-0.08454179754308916,-0.16480940989803902,-0.004274185188139274,0.16053522470989975,526155.1838306467,434053.97930112353,618256.3883601698,0.2138522450054534,0.04007266340904682,True,-,20,lambda row: row['Num Processes'] in [16]+[64],16_64,16/64,Ordinary Least Squares Regression,mean
Log Num Processes,Latency Walltime Outlet (ns),latency-walltime-outlet-ns,4,1,-40011.29665261795,-75601.92889831329,-4420.664406922624,-40011.29665261795,-75601.92889831329,-4420.664406922624,71181.26449139067,-0.08821214163260724,-0.16667812886888678,-0.009746154396327698,0.15693197447255908,533602.9725149381,442864.30835398554,624341.6366758907,0.2365911125336274,0.029653317279308637,True,-,20,lambda row: row['Num Processes'] in [16]+[64],16_64,16/64,Ordinary Least Squares Regression,mean
Log Num Processes,Latency Simsteps Inlet,latency-simsteps-inlet,4,1,-1.0538434457151733,-1.4309436238702513,-0.6767432675600953,-1.0538434457151733,-1.4309436238702513,-0.6767432675600953,0.754200356310156,-0.1566244273748093,-0.21266984826405294,-0.10057900648556567,0.11209084177848727,8.836161264034299,7.87474068053827,9.797581847530328,0.6569558111103707,1.4686461174624989e-05,True,-,20,lambda row: row['Num Processes'] in [16]+[64],16_64,16/64,Ordinary Least Squares Regression,mean
Log Num Processes,Latency Simsteps Outlet,latency-simsteps-outlet,4,1,-1.0690240576837478,-1.421640894878789,-0.7164072204887064,-1.0690240576837478,-1.421640894878789,-0.7164072204887064,0.7052336743900827,-0.15695868740858485,-0.2087314005916904,-0.1051859742254793,0.1035454263662111,8.9489107400079,8.049910673168457,9.847910806847343,0.6926674574716237,5.336946970384007e-06,True,-,20,lambda row: row['Num Processes'] in [16]+[64],16_64,16/64,Ordinary Least Squares Regression,mean
Log Num Processes,Delivery Failure Rate,delivery-failure-rate,4,1,0.02307311763601633,-0.006418850936496277,0.05256508620852894,0.02307311763601633,-0.006418850936496277,0.05256508620852894,0.058983937145025214,0.46071212233737413,-0.1281683075764451,1.0495925522511935,1.1777608598276386,0.003935185461933069,-0.0712548761608204,0.07912524708468653,0.13050299934684206,0.11759848562367368,False,0,20,lambda row: row['Num Processes'] in [16]+[64],16_64,16/64,Ordinary Least Squares Regression,mean
Log Num Processes,Delivery Clumpiness,delivery-clumpiness,4,1,0.028797428816900505,0.006625229736815525,0.05096962789698549,0.028797428816900505,0.006625229736815525,0.05096962789698549,0.04434439816016997,0.08428090921327089,0.01938993892530822,0.14917187950123356,0.12978194057592535,0.2840890312292068,0.22756079334489815,0.3406172691135155,0.29261334072721734,0.01378433261081727,True,+,20,lambda row: row['Num Processes'] in [16]+[64],16_64,16/64,Ordinary Least Squares Regression,mean
Log Num Processes,Simstep Period Inlet (ns),simstep-period-inlet-ns,4,1,5348.151364730074,147.58341657718574,10548.719312882964,5348.151364730074,147.58341657718574,10548.719312882964,10401.13589630578,0.0812385541948563,0.0022417958221855367,0.16023531256752707,0.15799351674534154,55136.37262690037,41877.473902201986,68395.27135159876,0.20592712670552715,0.044460048117400675,True,+,20,lambda row: row['Num Processes'] in [16]+[64],16_64,16/64,Ordinary Least Squares Regression,mean
Log Num Processes,Simstep Period Outlet (ns),simstep-period-outlet-ns,4,1,5438.150437286069,797.059456127613,10079.241418444526,5438.150437286069,797.059456127613,10079.241418444526,9282.181962316914,0.08379161545733985,0.01228117909106826,0.15530205182361145,0.14302087273254319,54024.5893589471,42192.082620303874,65857.09609759033,0.25187445507480255,0.024150452040305623,True,+,20,lambda row: row['Num Processes'] in [16]+[64],16_64,16/64,Ordinary Least Squares Regression,mean
Log Num Processes,Latency Walltime Inlet (ns),latency-walltime-inlet-ns,4,2048,633442.740856654,381409.3942239449,885476.087489363,633442.740856654,381409.3942239449,885476.087489363,504066.6932654181,0.3480371891942384,0.20956061998351747,0.4865137584049594,0.276953138421442,553157.77953465,-89403.69674348913,1195719.2558127893,0.6076863618991,5.081747432937305e-05,True,+,20,lambda row: row['Num Processes'] in [16]+[64],16_64,16/64,Ordinary Least Squares Regression,mean
Log Num Processes,Latency Walltime Outlet (ns),latency-walltime-outlet-ns,4,2048,636858.8324926952,377780.0724899459,895937.5924954445,636858.8324926952,377780.0724899459,895937.5924954445,518157.52000549855,0.34584962488344084,0.20515550651577955,0.48654374325110217,0.28138823673532265,567715.1042631844,-92808.72214253584,1228238.9306689044,0.5970558496820888,6.51314244751225e-05,True,+,20,lambda row: row['Num Processes'] in [16]+[64],16_64,16/64,Ordinary Least Squares Regression,mean
Log Num Processes,Latency Simsteps Inlet,latency-simsteps-inlet,4,2048,0.00218359517892186,-0.08312191569989374,0.08748910605773746,0.00218359517892186,-0.08312191569989374,0.08748910605773746,0.1706110217576312,0.0016695506071982963,-0.06355401686532544,0.06689311807972202,0.13044713494504745,1.3035267839291602,1.0860395516351191,1.5210140162232013,0.00016064517034608539,0.9577043843272512,False,0,20,lambda row: row['Num Processes'] in [16]+[64],16_64,16/64,Ordinary Least Squares Regression,mean
Log Num Processes,Latency Simsteps Outlet,latency-simsteps-outlet,4,2048,0.014364316208714978,-0.08122993394437271,0.10995856636180266,0.014364316208714978,-0.08122993394437271,0.10995856636180266,0.19118850030617537,0.01082250069952598,-0.06120103485344169,0.08284603625249365,0.14404707110593534,1.2985354267425875,1.0548169532836553,1.5422539002015196,0.00550624840533398,0.7558675485019359,False,0,20,lambda row: row['Num Processes'] in [16]+[64],16_64,16/64,Ordinary Least Squares Regression,mean
Log Num Processes,Delivery Failure Rate,delivery-failure-rate,4,2048,0.0,0.0,0.0,0.0,0.0,0.0,0.0,,,,,0.0,0.0,0.0,,,,,20,lambda row: row['Num Processes'] in [16]+[64],16_64,16/64,Ordinary Least Squares Regression,mean
Log Num Processes,Delivery Clumpiness,delivery-clumpiness,4,2048,-0.03967881609109587,-0.13503515468760413,0.055677522505412386,-0.03967881609109587,-0.13503515468760413,0.055677522505412386,0.19071267719301652,-0.05616179880438409,-0.19113012776573124,0.07880653015696305,0.2699366579226943,0.7858666282579811,0.5427547126338028,1.0289785438821595,0.04072928916295426,0.3935151154790232,False,0,20,lambda row: row['Num Processes'] in [16]+[64],16_64,16/64,Ordinary Least Squares Regression,mean
Log Num Processes,Simstep Period Inlet (ns),simstep-period-inlet-ns,4,2048,431799.38723088964,280986.2071398281,582612.5673219512,431799.38723088964,280986.2071398281,582612.5673219512,301626.360182123,0.2881671026889822,0.18751990762727527,0.3888142977506892,0.20129439012341394,634835.2355332114,250335.56143755862,1019334.9096288641,0.6677928642088169,1.0923902131690424e-05,True,+,20,lambda row: row['Num Processes'] in [16]+[64],16_64,16/64,Ordinary Least Squares Regression,mean
Log Num Processes,Simstep Period Outlet (ns),simstep-period-outlet-ns,4,2048,427310.9662375516,279140.7125349238,575481.2199401794,427310.9662375516,279140.7125349238,575481.2199401794,296340.5074052556,0.2910775243699778,0.19014627279742619,0.3920087759425295,0.2018625031451033,613409.5383931615,235648.03091131512,991171.0458750079,0.6709932774046258,9.99176337349909e-06,True,+,20,lambda row: row['Num Processes'] in [16]+[64],16_64,16/64,Ordinary Least Squares Regression,mean
Log Num Processes,Latency Walltime Inlet (ns),latency-walltime-inlet-ns,1,1,-62900.66476922507,-107449.53780379848,-18351.791734651655,-62900.66476922507,-107449.53780379848,-18351.791734651655,89097.74606914681,-0.11682145179726548,-0.1995592740909524,-0.03408362950357855,0.16547564458737385,664741.4845597302,551163.6981038018,778319.2710156585,,0.00826747960273939,True,-,20,lambda row: row['Num Processes'] in [16]+[64],16_64,16/64,Quantile Regression,median
Log Num Processes,Latency Walltime Outlet (ns),latency-walltime-outlet-ns,1,1,-69028.22639654706,-117368.95649712728,-20687.49629596684,-69028.22639654706,-117368.95649712728,-20687.49629596684,96681.46020116043,-0.12696544918016534,-0.21587983726915613,-0.038051061091174496,0.17782877617798165,684240.9553298586,560995.7922877683,807486.1183719488,,0.007685159096452282,True,-,20,lambda row: row['Num Processes'] in [16]+[64],16_64,16/64,Quantile Regression,median
Log Num Processes,Latency Simsteps Inlet,latency-simsteps-inlet,1,1,-1.9002810519427527,-2.7476050158552248,-1.0529570880302808,-1.9002810519427527,-2.7476050158552248,-1.0529570880302808,1.694647927824944,-0.24487607326645863,-0.3540648508187738,-0.1356872957141435,0.2183775551046303,11.580107203111476,9.419846489949233,13.74036791627372,,0.00017393224718767735,True,-,20,lambda row: row['Num Processes'] in [16]+[64],16_64,16/64,Quantile Regression,median
Log Num Processes,Latency Simsteps Outlet,latency-simsteps-outlet,1,1,-2.0306920167959044,-2.9954689278887914,-1.0659151057030174,-2.0306920167959044,-2.9954689278887914,-1.0659151057030174,1.929553822185774,-0.25422967288315196,-0.3750135812669381,-0.13344576449936582,0.2415678167675723,12.017297233937372,9.557589085974175,14.477005381900568,,0.0003289992346141997,True,-,20,lambda row: row['Num Processes'] in [16]+[64],16_64,16/64,Quantile Regression,median
Log Num Processes,Delivery Failure Rate,delivery-failure-rate,1,1,0.0,,,0.0,,,,,,,,0.0,,,,,,,20,lambda row: row['Num Processes'] in [16]+[64],16_64,16/64,Quantile Regression,median
Log Num Processes,Delivery Clumpiness,delivery-clumpiness,1,1,0.05679878851878346,0.026679275865906026,0.0869183011716609,0.05679878851878346,0.026679275865906026,0.0869183011716609,0.06023902530575487,0.2935031725856489,0.1378630128060145,0.4491433323652833,0.3112803195592688,0.07972674146100167,0.0029367500825383114,0.15651673283946504,,0.000914261513021635,True,+,20,lambda row: row['Num Processes'] in [16]+[64],16_64,16/64,Quantile Regression,median
Log Num Processes,Simstep Period Inlet (ns),simstep-period-inlet-ns,1,1,10234.461536615683,7015.847470906501,13453.075602324865,10234.461536615683,7015.847470906501,13453.075602324865,6437.228131418364,0.14616457569575886,0.10019758880937785,0.19213156258213984,0.091933973772762,49600.08610491044,41394.1981410228,57805.97406879808,,2.88381355123312e-06,True,+,20,lambda row: row['Num Processes'] in [16]+[64],16_64,16/64,Quantile Regression,median
Log Num Processes,Simstep Period Outlet (ns),simstep-period-outlet-ns,1,1,9980.108006483173,7022.106730067933,12938.109282898413,9980.108006483173,7022.106730067933,12938.109282898413,5916.0025528304795,0.14441166013017906,0.10160953066256008,0.18721378959779802,0.08560425893523795,49178.29001548765,41636.83690065083,56719.74313032447,,1.3124549916611086e-06,True,+,20,lambda row: row['Num Processes'] in [16]+[64],16_64,16/64,Quantile Regression,median
Log Num Processes,Latency Walltime Inlet (ns),latency-walltime-inlet-ns,1,2048,263256.7736420168,29774.399690316903,496739.14759371674,263256.7736420168,29774.399690316903,496739.14759371674,466964.74790339987,0.12437400152925185,0.014066727254097864,0.23468127580440584,0.220614548550308,1617925.9074775742,1022660.3170477321,2213191.4979074164,,0.029234473627978767,True,+,20,lambda row: row['Num Processes'] in [16]+[64],16_64,16/64,Quantile Regression,median
Log Num Processes,Latency Walltime Outlet (ns),latency-walltime-outlet-ns,1,2048,261574.9782440236,7721.674744875665,515428.2817431715,261574.9782440236,7721.674744875665,515428.2817431715,507706.6069982959,0.12202694625026392,0.0036022267702376896,0.24045166573029012,0.23684943896005242,1643943.3785319736,996741.9044659002,2291144.852598047,,0.04408434803880989,True,+,20,lambda row: row['Num Processes'] in [16]+[64],16_64,16/64,Quantile Regression,median
Log Num Processes,Latency Simsteps Inlet,latency-simsteps-inlet,1,2048,-0.08898729733906384,-0.22875676671942158,0.05078217204129391,-0.08898729733906384,-0.22875676671942158,0.05078217204129391,0.2795389387607155,-0.0721198498184791,-0.1853961650043647,0.041156465367406504,0.2265526303717712,1.4242836572183761,1.0679400313308998,1.7806272831058525,,0.19768415367410686,False,0,20,lambda row: row['Num Processes'] in [16]+[64],16_64,16/64,Quantile Regression,median
Log Num Processes,Latency Simsteps Outlet,latency-simsteps-outlet,1,2048,-0.09581235595814203,-0.24233209300833272,0.05070738109204867,-0.09581235595814203,-0.24233209300833272,0.05070738109204867,0.2930394741003814,-0.07545689836639255,-0.19084832984415365,0.03993453311136854,0.2307828629555222,1.4747445316406018,1.1011910324678993,1.8482980308133043,,0.18636073744781873,False,0,20,lambda row: row['Num Processes'] in [16]+[64],16_64,16/64,Quantile Regression,median
Log Num Processes,Delivery Failure Rate,delivery-failure-rate,1,2048,0.0,,,0.0,,,,,,,,0.0,,,,,,,20,lambda row: row['Num Processes'] in [16]+[64],16_64,16/64,Quantile Regression,median
Log Num Processes,Delivery Clumpiness,delivery-clumpiness,1,2048,0.04163301471821212,-0.024303790375208086,0.10756981981163233,0.04163301471821212,-0.024303790375208086,0.10756981981163233,0.1318736101868404,0.06762948227167138,-0.039479551779745284,0.17473851632308807,0.21421806810283334,0.5357154610098466,0.3676089330921899,0.7038219889275033,,0.20124664128279762,False,0,20,lambda row: row['Num Processes'] in [16]+[64],16_64,16/64,Quantile Regression,median
Log Num Processes,Simstep Period Inlet (ns),simstep-period-inlet-ns,1,2048,356330.03809641226,332889.8296022208,379770.2465906037,356330.03809641226,332889.8296022208,379770.2465906037,46880.41698838293,0.20874742962021348,0.19501554414947345,0.2224793150909535,0.02746377094148006,993648.0326985535,933886.9924412707,1053409.0729558363,,2.6506543830807865e-17,True,+,20,lambda row: row['Num Processes'] in [16]+[64],16_64,16/64,Quantile Regression,median
Log Num Processes,Simstep Period Outlet (ns),simstep-period-outlet-ns,1,2048,349899.74205832183,325053.45815537963,374746.02596126404,349899.74205832183,325053.45815537963,374746.02596126404,49692.567805884406,0.2090836491350512,0.19423667704152295,0.22393062122857946,0.02969394418705651,973510.6861506259,910164.8429199418,1036856.5293813101,,1.0244369005148545e-16,True,+,20,lambda row: row['Num Processes'] in [16]+[64],16_64,16/64,Quantile Regression,median
Log Num Processes,Latency Walltime Inlet (ns),latency-walltime-inlet-ns,4,1,-43262.22057092841,-107295.89993499336,20771.45879313653,-43262.22057092841,-107295.89993499336,20771.45879313653,128067.35872812988,-0.09483208306919573,-0.23519582585774432,0.04553165971935286,0.28072748557709715,541795.7608289805,378541.2705267251,705050.2511312359,,0.1728635815083488,False,0,20,lambda row: row['Num Processes'] in [16]+[64],16_64,16/64,Quantile Regression,median
Log Num Processes,Latency Walltime Outlet (ns),latency-walltime-outlet-ns,4,1,-44368.60124335344,-108970.06367334045,20232.86118663357,-44368.60124335344,-108970.06367334045,20232.86118663357,129202.92485997402,-0.09646335853774372,-0.23691570226313766,0.04398898518765021,0.2809046874507879,547397.0127147048,382694.95394613757,712099.0714832721,,0.16621917132372607,False,0,20,lambda row: row['Num Processes'] in [16]+[64],16_64,16/64,Quantile Regression,median
Log Num Processes,Latency Simsteps Inlet,latency-simsteps-inlet,4,1,-1.0538434457151349,-1.7465515611954967,-0.36113533023477307,-1.0538434457151349,-1.7465515611954967,-0.36113533023477307,1.3854162309607236,-0.15701926153846818,-0.26023052806641095,-0.05380799501052544,0.2064225330558855,8.836161264034171,7.070095165004945,10.602227363063397,,0.005003967508217183,True,-,20,lambda row: row['Num Processes'] in [16]+[64],16_64,16/64,Quantile Regression,median
Log Num Processes,Latency Simsteps Outlet,latency-simsteps-outlet,4,1,-1.0690240576837586,-1.7093929212903731,-0.42865519407714414,-1.0690240576837586,-1.7093929212903731,-0.42865519407714414,1.280737727213229,-0.15645153493948305,-0.2501694367197111,-0.06273363315925504,0.18743580356045605,8.948910740007912,7.316284074294231,10.581537405721594,,0.0025158744689185984,True,-,20,lambda row: row['Num Processes'] in [16]+[64],16_64,16/64,Quantile Regression,median
Log Num Processes,Delivery Failure Rate,delivery-failure-rate,4,1,0.025858977005127903,-0.022611895283724787,0.0743298492939806,0.025858977005127903,-0.022611895283724787,0.0743298492939806,0.09694174457770538,0.4699364548960452,-0.41092707983022825,1.3507999896223186,1.7617270694525469,-0.0016365332762898026,-0.12521349509715174,0.12194042854457214,,0.2770911597020775,False,0,20,lambda row: row['Num Processes'] in [16]+[64],16_64,16/64,Quantile Regression,median
Log Num Processes,Delivery Clumpiness,delivery-clumpiness,4,1,0.03263106703778052,0.003421823946115121,0.06184031012944592,0.03263106703778052,0.003421823946115121,0.06184031012944592,0.0584184861833308,0.09683514936437428,0.010154520308422869,0.18351577842032568,0.1733612581119028,0.27258811656656895,0.19811886631573036,0.3470573668174075,,0.030564186324049166,True,+,20,lambda row: row['Num Processes'] in [16]+[64],16_64,16/64,Quantile Regression,median
Log Num Processes,Simstep Period Inlet (ns),simstep-period-inlet-ns,4,1,4876.411509525449,-3348.080915920338,13100.903934971237,4876.411509525449,-3348.080915920338,13100.903934971237,16448.984850891575,0.07379283105456888,-0.05066520101983332,0.19825086312897108,0.2489160641488044,56079.85233731184,35111.42865393979,77048.27602068389,,0.22885876643182654,False,0,20,lambda row: row['Num Processes'] in [16]+[64],16_64,16/64,Quantile Regression,median
Log Num Processes,Simstep Period Outlet (ns),simstep-period-outlet-ns,4,1,4674.831539621551,-3027.4592545679907,12377.122333811094,4674.831539621551,-3027.4592545679907,12377.122333811094,15404.581588379086,0.07217065433847906,-0.04673830779428343,0.19107961647124158,0.237817924265525,55551.22715427388,35914.161624804634,75188.29268374313,,0.21847504470136672,False,0,20,lambda row: row['Num Processes'] in [16]+[64],16_64,16/64,Quantile Regression,median
Log Num Processes,Latency Walltime Inlet (ns),latency-walltime-inlet-ns,4,2048,691266.0435003851,289707.0361105706,1092825.0508901996,691266.0435003851,289707.0361105706,1092825.0508901996,803118.014779629,0.3771418583744311,0.15805875467225686,0.5962249620766054,0.43816620740434853,437511.1742471716,-586267.4330226335,1461289.7815169767,,0.0019727786426189417,True,+,20,lambda row: row['Num Processes'] in [16]+[64],16_64,16/64,Quantile Regression,median
Log Num Processes,Latency Walltime Outlet (ns),latency-walltime-outlet-ns,4,2048,706136.386063239,304648.9173735523,1107623.8547529257,706136.386063239,304648.9173735523,1107623.8547529257,802974.9373793735,0.3812725737210814,0.16449269447213136,0.5980524529700315,0.4335597584979002,429159.9971222041,-594436.2215336366,1452756.215778045,,0.0016566290345379668,True,+,20,lambda row: row['Num Processes'] in [16]+[64],16_64,16/64,Quantile Regression,median
Log Num Processes,Latency Simsteps Inlet,latency-simsteps-inlet,4,2048,-0.0057491450771982484,-0.1537736087954388,0.1422753186410423,-0.0057491450771982484,-0.1537736087954388,0.1422753186410423,0.2960489274364811,-0.004334726293217649,-0.1159418481005516,0.10727239551411628,0.22321424361466788,1.3311374612874312,0.953747646793224,1.7085272757816383,,0.9358668495186517,False,0,20,lambda row: row['Num Processes'] in [16]+[64],16_64,16/64,Quantile Regression,median
Log Num Processes,Latency Simsteps Outlet,latency-simsteps-outlet,4,2048,-0.0013758009836588867,-0.1686499827198078,0.16589838075249003,-0.0013758009836588867,-0.1686499827198078,0.16589838075249003,0.3345483634722978,-0.0010146143034090542,-0.12437459107067526,0.12234536246385716,0.2467199535345324,1.3561751185317232,0.9297079601352793,1.7826422769281671,,0.9864035631117287,False,0,20,lambda row: row['Num Processes'] in [16]+[64],16_64,16/64,Quantile Regression,median
Log Num Processes,Delivery Failure Rate,delivery-failure-rate,4,2048,0.0,,,0.0,,,,,,,,0.0,,,,,,,20,lambda row: row['Num Processes'] in [16]+[64],16_64,16/64,Quantile Regression,median
Log Num Processes,Delivery Clumpiness,delivery-clumpiness,4,2048,-0.029988666190164732,-0.19569683526678713,0.13571950288645765,-0.029988666190164732,-0.19569683526678713,0.13571950288645765,0.3314163381532448,-0.044638861095299964,-0.29129951265151366,0.20202179046091367,0.49332130311242733,0.7447221870470114,0.322247593205296,1.167196780888727,,0.7082390645118981,False,0,20,lambda row: row['Num Processes'] in [16]+[64],16_64,16/64,Quantile Regression,median
Log Num Processes,Simstep Period Inlet (ns),simstep-period-inlet-ns,4,2048,365236.6975283954,316012.94493038225,414460.45012640854,365236.6975283954,316012.94493038225,414460.45012640854,98447.5051960263,0.23196968277524996,0.200706618706282,0.26323274684421794,0.06252612813793593,843776.291380758,718279.8538659918,969272.7288955243,,6.757336876799151e-12,True,+,20,lambda row: row['Num Processes'] in [16]+[64],16_64,16/64,Quantile Regression,median
Log Num Processes,Simstep Period Outlet (ns),simstep-period-outlet-ns,4,2048,368138.5062519738,318594.18871372356,417682.82379022404,368138.5062519738,318594.18871372356,417682.82379022404,99088.63507650048,0.23925021927541515,0.20705177050253945,0.2714486680482909,0.06439689754575142,799431.0842966918,673117.363339104,925744.8052542796,,6.59757845520519e-12,True,+,20,lambda row: row['Num Processes'] in [16]+[64],16_64,16/64,Quantile Regression,median
Log Num Processes,Latency Walltime Inlet (ns),latency-walltime-inlet-ns,1,1,714.8298655594117,-22071.903837076945,23501.56356819577,714.8298655594117,-22071.903837076945,23501.56356819577,45573.46740527271,0.00131192115055968,-0.04050837670907852,0.04313221901019788,0.0836405957192764,478526.03834001825,397962.76872888714,559089.3079511493,0.00024125915541994836,0.9481784875321577,False,0,20,lambda row: row['Num Processes'] in [64]+[256],64_256,64/256,Ordinary Least Squares Regression,mean
Log Num Processes,Latency Walltime Outlet (ns),latency-walltime-outlet-ns,1,1,949.123313952703,-21823.61491644984,23721.861544355244,949.123313952703,-21823.61491644984,23721.861544355244,45545.47646080508,0.0017308281680239238,-0.039797702648552535,0.043259358984600385,0.08305706163315292,479990.5287756636,399476.74063114467,560504.3169201824,0.0004257720946619914,0.9311913240350611,False,0,20,lambda row: row['Num Processes'] in [64]+[256],64_256,64/256,Ordinary Least Squares Regression,mean
Log Num Processes,Latency Simsteps Inlet,latency-simsteps-inlet,1,1,-0.3783945602555261,-0.7936568489915105,0.03686772848045827,-0.3783945602555261,-0.7936568489915105,0.03686772848045827,0.8305245774719687,-0.04856974975642943,-0.10187174604720288,0.004732246534344025,0.1066039925815469,7.030245475873729,5.562071574192425,8.498419377555033,0.169163842051819,0.07160254445352032,False,0,20,lambda row: row['Num Processes'] in [64]+[256],64_256,64/256,Ordinary Least Squares Regression,mean
Log Num Processes,Latency Simsteps Outlet,latency-simsteps-outlet,1,1,-0.38727739799770955,-0.8145259715380827,0.039971175542663606,-0.38727739799770955,-0.8145259715380827,0.039971175542663606,0.8544971470807463,-0.048677931526556875,-0.10237994696857446,0.005024083915460699,0.10740403088403516,7.158027707328157,5.64747588931477,8.668579525341542,0.16769269239930862,0.07297081221460651,False,0,20,lambda row: row['Num Processes'] in [64]+[256],64_256,64/256,Ordinary Least Squares Regression,mean
Log Num Processes,Delivery Failure Rate,delivery-failure-rate,1,1,0.0,0.0,0.0,0.0,0.0,0.0,0.0,,,,,0.0,0.0,0.0,,,,,20,lambda row: row['Num Processes'] in [64]+[256],64_256,64/256,Ordinary Least Squares Regression,mean
Log Num Processes,Delivery Clumpiness,delivery-clumpiness,1,1,0.017041328408070766,-9.611146828122225e-05,0.034178768284422754,0.017041328408070766,-9.611146828122225e-05,0.034178768284422754,0.03427487975270398,0.08879615051702366,-0.0005008018271550769,0.17809310286120242,0.1785939046883575,0.19895213134767992,0.13836213160395372,0.2595421310914061,0.1951531701624193,0.05116650862839329,False,0,20,lambda row: row['Num Processes'] in [64]+[256],64_256,64/256,Ordinary Least Squares Regression,mean
Log Num Processes,Simstep Period Inlet (ns),simstep-period-inlet-ns,1,1,6455.980238393768,4688.357196948039,8223.603279839495,6455.980238393768,4688.357196948039,8223.603279839495,3535.2460828914564,0.09213745583272336,0.0669105679092513,0.1173643437561954,0.05045377584694409,60849.54621422978,54600.055018290455,67099.0374101691,0.7658677096679903,4.414939297611794e-07,True,+,20,lambda row: row['Num Processes'] in [64]+[256],64_256,64/256,Ordinary Least Squares Regression,mean
Log Num Processes,Simstep Period Outlet (ns),simstep-period-outlet-ns,1,1,6532.99777449777,4787.099855262608,8278.895693732931,6532.99777449777,4787.099855262608,8278.895693732931,3491.7958384703234,0.09449145128778229,0.06923927244381625,0.11974363013174831,0.05050435768793206,59484.277147889836,53311.595858136505,65656.95843764317,0.774443621817368,3.1401160817650166e-07,True,+,20,lambda row: row['Num Processes'] in [64]+[256],64_256,64/256,Ordinary Least Squares Regression,mean
Log Num Processes,Latency Walltime Inlet (ns),latency-walltime-inlet-ns,1,2048,-107842.42962570838,-213865.63415979774,-1819.2250916190096,-107842.42962570838,-213865.63415979774,-1819.2250916190096,212046.40906817873,-0.05004895781437697,-0.09925362530460873,-0.0008442903241452059,0.09840933498046352,2734100.668687488,2359252.0342415734,3108949.3031334025,0.20236263790429898,0.0465796458227654,True,-,20,lambda row: row['Num Processes'] in [64]+[256],64_256,64/256,Ordinary Least Squares Regression,mean
Log Num Processes,Latency Walltime Outlet (ns),latency-walltime-outlet-ns,1,2048,-109791.75648120977,-218919.42962270518,-664.0833397143579,-109791.75648120977,-218919.42962270518,-664.0833397143579,218255.34628299082,-0.05039083175987588,-0.10047687094771737,-0.00030479257203440256,0.10017207837568297,2758043.582707589,2372218.9942402868,3143868.1711748913,0.1988519393582423,0.04876164221272076,True,-,20,lambda row: row['Num Processes'] in [64]+[256],64_256,64/256,Ordinary Least Squares Regression,mean
Log Num Processes,Latency Simsteps Inlet,latency-simsteps-inlet,1,2048,-0.018676952685671155,-0.07168534514185987,0.03433143977051756,-0.018676952685671155,-0.07168534514185987,0.03433143977051756,0.10601678491237743,-0.014882259318912081,-0.057120661690455855,0.02735614305263169,0.08447680474308755,1.2279460319545281,1.0405330631266838,1.4153590007823724,0.02954246138869654,0.46870187416834386,False,0,20,lambda row: row['Num Processes'] in [64]+[256],64_256,64/256,Ordinary Least Squares Regression,mean
Log Num Processes,Latency Simsteps Outlet,latency-simsteps-outlet,1,2048,-0.016176813776967836,-0.06901812311443292,0.036664495560497244,-0.016176813776967836,-0.06901812311443292,0.036664495560497244,0.10568261867493017,-0.012470536067352902,-0.053205347200384605,0.028264275065678794,0.0814696222660634,1.2467036767956121,1.0598814359991242,1.4335259175921,0.022465611533683094,0.5282197838478219,False,0,20,lambda row: row['Num Processes'] in [64]+[256],64_256,64/256,Ordinary Least Squares Regression,mean
Log Num Processes,Delivery Failure Rate,delivery-failure-rate,1,2048,0.0,0.0,0.0,0.0,0.0,0.0,0.0,,,,,0.0,0.0,0.0,,,,,20,lambda row: row['Num Processes'] in [64]+[256],64_256,64/256,Ordinary Least Squares Regression,mean
Log Num Processes,Delivery Clumpiness,delivery-clumpiness,1,2048,0.027644724686457622,-0.0030185091126729395,0.05830795848558819,0.027644724686457622,-0.0030185091126729395,0.05830795848558819,0.06132646759826113,0.04466163385035379,-0.0048765741128974065,0.09419984181360498,0.09907641592650239,0.5776803311051123,0.4692694283427435,0.6860912338674812,0.1661894289578204,0.07439538170307641,False,0,20,lambda row: row['Num Processes'] in [64]+[256],64_256,64/256,Ordinary Least Squares Regression,mean
Log Num Processes,Simstep Period Inlet (ns),simstep-period-inlet-ns,1,2048,-80873.65433317341,-92361.19991857717,-69386.10874776966,-80873.65433317341,-92361.19991857717,-69386.10874776966,22975.091170807515,-0.04739686455907349,-0.05412926272652255,-0.040664466391624444,0.013464796334898103,2307375.2064956776,2266760.5995825347,2347989.8134088204,0.9239755202880918,1.630254221852339e-11,True,-,20,lambda row: row['Num Processes'] in [64]+[256],64_256,64/256,Ordinary Least Squares Regression,mean
Log Num Processes,Simstep Period Outlet (ns),simstep-period-outlet-ns,1,2048,-77382.10663333838,-89504.28639105272,-65259.926875624034,-77382.10663333838,-89504.28639105272,-65259.926875624034,24244.35951542869,-0.0462449269766878,-0.05348935779000279,-0.039000496163372804,0.014488861626629983,2258132.5545237516,2215274.176976541,2300990.932070962,0.9090275256863914,8.260896577182584e-11,True,-,20,lambda row: row['Num Processes'] in [64]+[256],64_256,64/256,Ordinary Least Squares Regression,mean
Log Num Processes,Latency Walltime Inlet (ns),latency-walltime-inlet-ns,4,1,22844.42093698412,693.1299085583778,44995.711965409864,22844.42093698412,693.1299085583778,44995.711965409864,44302.58205685149,0.0507588608406974,0.0015400908900291322,0.09997763079136568,0.09843753990133655,343475.83630525146,265159.1958140686,421792.4767964343,0.2068535490007093,0.04392444900873285,True,+,20,lambda row: row['Num Processes'] in [64]+[256],64_256,64/256,Ordinary Least Squares Regression,mean
Log Num Processes,Latency Walltime Outlet (ns),latency-walltime-outlet-ns,4,1,23216.7436799664,-181.75262453152754,46615.23998446432,23216.7436799664,-181.75262453152754,46615.23998446432,46796.992608995846,0.051185511420088745,-0.0004007065403671231,0.10277172938054462,0.10317243592091174,343918.8515171852,261192.67448479094,426645.0285495795,0.19447115085132693,0.05162221506516077,False,0,20,lambda row: row['Num Processes'] in [64]+[256],64_256,64/256,Ordinary Least Squares Regression,mean
Log Num Processes,Latency Simsteps Inlet,latency-simsteps-inlet,4,1,-0.03458735153300463,-0.30129641922688327,0.23212171616087401,-0.03458735153300463,-0.30129641922688327,0.23212171616087401,0.5334181353877573,-0.005140444864267076,-0.04477930694863895,0.0344984172201048,0.07927772416874375,5.778392981487795,4.835434029636378,6.721351933339212,0.004106947255203108,0.7883755889506812,False,0,20,lambda row: row['Num Processes'] in [64]+[256],64_256,64/256,Ordinary Least Squares Regression,mean
Log Num Processes,Latency Simsteps Outlet,latency-simsteps-outlet,4,1,-0.06999615229443279,-0.3353746842088113,0.1953823796199457,-0.06999615229443279,-0.3353746842088113,0.1953823796199457,0.530757063828757,-0.010277134652694357,-0.0492411464878897,0.028686877182500983,0.07792802367039069,5.951827023839963,5.013572226350024,6.890081821329901,0.016773272599323596,0.5863033668370734,False,0,20,lambda row: row['Num Processes'] in [64]+[256],64_256,64/256,Ordinary Least Squares Regression,mean
Log Num Processes,Delivery Failure Rate,delivery-failure-rate,4,1,0.020925499170084867,0.007749204023900606,0.03410179431626913,0.020925499170084867,0.007749204023900606,0.03410179431626913,0.02635259029236852,0.41782958357435285,0.15473211243476195,0.6809270547139437,0.5261949422791817,0.01037804085972752,-0.03620719738418389,0.056963279103638936,0.3821291131027763,0.0036728432113983366,True,+,20,lambda row: row['Num Processes'] in [64]+[256],64_256,64/256,Ordinary Least Squares Regression,mean
Log Num Processes,Delivery Clumpiness,delivery-clumpiness,4,1,0.012266800758728685,-0.0010093086962777668,0.025542910213735136,0.012266800758728685,-0.0010093086962777668,0.025542910213735136,0.0265522189100129,0.03590102184667783,-0.0029539253361823897,0.07475596902953804,0.07770989436572043,0.3336809154037224,0.2867427802866729,0.38061905052077194,0.173107998303635,0.06805674922967281,False,0,20,lambda row: row['Num Processes'] in [64]+[256],64_256,64/256,Ordinary Least Squares Regression,mean
Log Num Processes,Simstep Period Inlet (ns),simstep-period-inlet-ns,4,1,-132.7888525727558,-2518.8359465529675,2253.258241407456,-132.7888525727558,-2518.8359465529675,2253.258241407456,4772.094187960423,-0.002017066021606339,-0.03826118159285177,0.034227049549639094,0.07248823114249087,71579.19327880885,63143.24287688953,80015.14368072816,0.0007588970651108973,0.9082173499536399,False,0,20,lambda row: row['Num Processes'] in [64]+[256],64_256,64/256,Ordinary Least Squares Regression,mean
Log Num Processes,Simstep Period Outlet (ns),simstep-period-outlet-ns,4,1,-65.05053562363082,-2383.3591584521773,2253.2580872049157,-65.05053562363082,-2383.3591584521773,2253.2580872049157,4636.617245657093,-0.001002305752503134,-0.03672305803320473,0.03471844652819846,0.07144150456140319,70534.1922776762,62337.73353724964,78730.65101810276,0.00019302909845775318,0.9536408556813287,False,0,20,lambda row: row['Num Processes'] in [64]+[256],64_256,64/256,Ordinary Least Squares Regression,mean
Log Num Processes,Latency Walltime Inlet (ns),latency-walltime-inlet-ns,4,2048,-72807.33405199036,-246461.61625820491,100846.9481542242,-72807.33405199036,-246461.61625820491,100846.9481542242,347308.5644124291,-0.04000307882905389,-0.13541525166232174,0.055409094004213955,0.1908243456665357,2671908.004260581,2057947.4016100974,3285868.6069110646,0.04132364744569128,0.39001170280736974,False,0,20,lambda row: row['Num Processes'] in [64]+[256],64_256,64/256,Ordinary Least Squares Regression,mean
Log Num Processes,Latency Walltime Outlet (ns),latency-walltime-outlet-ns,4,2048,-79283.87846230203,-257810.5664693756,99242.80954477153,-79283.87846230203,-257810.5664693756,99242.80954477153,357053.3760141471,-0.04305553794106481,-0.14000541902736924,0.05389434314523962,0.19389976217260885,2716143.2371281753,2084956.0785652914,3347330.3956910595,0.04613168016107905,0.36315643236571227,False,0,20,lambda row: row['Num Processes'] in [64]+[256],64_256,64/256,Ordinary Least Squares Regression,mean
Log Num Processes,Latency Simsteps Inlet,latency-simsteps-inlet,4,2048,0.0049934453526860045,-0.049199747368883835,0.059186638074255844,0.0049934453526860045,-0.049199747368883835,0.059186638074255844,0.10838638544313968,0.0038179282501918195,-0.03761753501135671,0.04525339151174035,0.08287092652309705,1.2950972334078674,1.10349536307001,1.486699103745725,0.0020775681643244726,0.8486707279633144,False,0,20,lambda row: row['Num Processes'] in [64]+[256],64_256,64/256,Ordinary Least Squares Regression,mean
Log Num Processes,Latency Simsteps Outlet,latency-simsteps-outlet,4,2048,0.0036383433754227923,-0.05415017067535289,0.061426857426198474,0.0036383433754227923,-0.05415017067535289,0.061426857426198474,0.11557702810155136,0.0027412355139981586,-0.040798340241069125,0.04628081126906544,0.08707915151013457,1.3307133452424635,1.1264000944424757,1.5350265960424514,0.0009710682352415123,0.896235538401137,False,0,20,lambda row: row['Num Processes'] in [64]+[256],64_256,64/256,Ordinary Least Squares Regression,mean
Log Num Processes,Delivery Failure Rate,delivery-failure-rate,4,2048,0.0,0.0,0.0,0.0,0.0,0.0,0.0,,,,,0.0,0.0,0.0,,,,,20,lambda row: row['Num Processes'] in [64]+[256],64_256,64/256,Ordinary Least Squares Regression,mean
Log Num Processes,Delivery Clumpiness,delivery-clumpiness,4,2048,-0.025437952289022125,-0.08313511767421644,0.03225921309617219,-0.025437952289022125,-0.08313511767421644,0.03225921309617219,0.11539433077038863,-0.03600513571704517,-0.11767028889367219,0.045660017459581856,0.16333030635325405,0.7431440368517598,0.5391537523561967,0.9471343213473229,0.04549672487676093,0.3665591710103314,False,0,20,lambda row: row['Num Processes'] in [64]+[256],64_256,64/256,Ordinary Least Squares Regression,mean
Log Num Processes,Simstep Period Inlet (ns),simstep-period-inlet-ns,4,2048,-83095.37067371991,-108770.84567564703,-57419.89567179279,-83095.37067371991,-108770.84567564703,-57419.89567179279,51350.95000385424,-0.05545480823276145,-0.0725896802596003,-0.0383199362059226,0.034269744053677706,2179519.5092470385,2088742.9968267968,2270296.0216672802,0.7197630055229796,2.2871542754428e-06,True,-,20,lambda row: row['Num Processes'] in [64]+[256],64_256,64/256,Ordinary Least Squares Regression,mean
Log Num Processes,Simstep Period Outlet (ns),simstep-period-outlet-ns,4,2048,-79063.19181311486,-104634.76653102455,-53491.61709520516,-79063.19181311486,-104634.76653102455,-53491.61709520516,51143.14943581939,-0.05385660551701462,-0.071275560917736,-0.03643765011629325,0.03483791080144275,2132532.012545161,2042122.843101899,2222941.181988423,0.7009682810362796,4.149768101584582e-06,True,-,20,lambda row: row['Num Processes'] in [64]+[256],64_256,64/256,Ordinary Least Squares Regression,mean
Log Num Processes,Latency Walltime Inlet (ns),latency-walltime-inlet-ns,1,1,2942.498259728782,-27374.54361728231,33259.54013673987,2942.498259728782,-27374.54361728231,33259.54013673987,60634.083754022184,0.005464917101808214,-0.05084101955665047,0.06177085376026689,0.11261187331691735,467211.9954728807,360025.0659891257,574398.9249566358,,0.8407111947478564,False,0,20,lambda row: row['Num Processes'] in [64]+[256],64_256,64/256,Quantile Regression,median
Log Num Processes,Latency Walltime Outlet (ns),latency-walltime-outlet-ns,1,1,3098.0727183140775,-26467.51515715613,32663.660593784283,3098.0727183140775,-26467.51515715613,32663.660593784283,59131.17575094041,0.0056983673897963395,-0.048682403214393745,0.06007913799398642,0.10876154120838016,467862.0579852442,363331.91960268514,572392.1963678033,,0.8282333054062446,False,0,20,lambda row: row['Num Processes'] in [64]+[256],64_256,64/256,Quantile Regression,median
Log Num Processes,Latency Simsteps Inlet,latency-simsteps-inlet,1,1,-0.3921408497650985,-0.848296190395078,0.06401449086488098,-0.3921408497650985,-0.848296190395078,0.06401449086488098,0.912310681259959,-0.050532478529782474,-0.1093140616533921,0.008249104593827146,0.11756316624721924,7.0556865965787665,5.442933923409175,8.668439269748358,,0.08765467588452353,False,0,20,lambda row: row['Num Processes'] in [64]+[256],64_256,64/256,Quantile Regression,median
Log Num Processes,Latency Simsteps Outlet,latency-simsteps-outlet,1,1,-0.3166840985435119,-0.8095206864867013,0.17615248939967743,-0.3166840985435119,-0.8095206864867013,0.17615248939967743,0.9856731758863787,-0.039646826852180725,-0.10134682050032559,0.022053166795964137,0.12339998729628973,6.8752734791808034,5.132833012423454,8.617713945938153,,0.19374947985021945,False,0,20,lambda row: row['Num Processes'] in [64]+[256],64_256,64/256,Quantile Regression,median
Log Num Processes,Delivery Failure Rate,delivery-failure-rate,1,1,0.0,,,0.0,,,,,,,,0.0,,,,,,,20,lambda row: row['Num Processes'] in [64]+[256],64_256,64/256,Quantile Regression,median
Log Num Processes,Delivery Clumpiness,delivery-clumpiness,1,1,0.016994337962606722,-0.008549089248183366,0.04253776517339681,0.016994337962606722,-0.008549089248183366,0.04253776517339681,0.051086854421580175,0.08781687493859663,-0.04417673127358845,0.21981048115078172,0.2639872124243702,0.19914009312953934,0.10883044015206637,0.2894497461070123,,0.17917256555821184,False,0,20,lambda row: row['Num Processes'] in [64]+[256],64_256,64/256,Quantile Regression,median
Log Num Processes,Simstep Period Inlet (ns),simstep-period-inlet-ns,1,1,6369.9964530482175,3701.4403097418735,9038.552596354562,6369.9964530482175,3701.4403097418735,9038.552596354562,5337.112286612689,0.09097379724494677,0.05286252241029015,0.1290850720796034,0.07622254966931324,61193.48135561228,51758.71063106762,70628.25208015695,,8.987268339945893e-05,True,+,20,lambda row: row['Num Processes'] in [64]+[256],64_256,64/256,Quantile Regression,median
Log Num Processes,Simstep Period Outlet (ns),simstep-period-outlet-ns,1,1,6497.654210943025,3961.002884193197,9034.305537692853,6497.654210943025,3961.002884193197,9034.305537692853,5073.302653499656,0.09402072912884091,0.057315512208403016,0.1307259460492788,0.0734104338408758,59625.651402108604,50657.234628855345,68594.06817536187,,4.0964013953503774e-05,True,+,20,lambda row: row['Num Processes'] in [64]+[256],64_256,64/256,Quantile Regression,median
Log Num Processes,Latency Walltime Inlet (ns),latency-walltime-inlet-ns,1,2048,-96118.46087563716,-227645.39290370734,35408.47115243302,-96118.46087563716,-227645.39290370734,35408.47115243302,263053.86405614036,-0.045410560323101305,-0.10754962941099397,0.016728508764791365,0.12427813817578534,2696051.611030489,2231033.6833019364,3161069.538759042,,0.14209313854743327,False,0,20,lambda row: row['Num Processes'] in [64]+[256],64_256,64/256,Quantile Regression,median
Log Num Processes,Latency Walltime Outlet (ns),latency-walltime-outlet-ns,1,2048,-102586.70942012194,-243296.60244188138,38123.18360163749,-102586.70942012194,-243296.60244188138,38123.18360163749,281419.78604351886,-0.04785757017141864,-0.11349992888597557,0.017784788543138298,0.13128471742911388,2736428.441524286,2238943.8438456855,3233913.039202886,,0.1429807066517846,False,0,20,lambda row: row['Num Processes'] in [64]+[256],64_256,64/256,Quantile Regression,median
Log Num Processes,Latency Simsteps Inlet,latency-simsteps-inlet,1,2048,-0.0032178395930823277,-0.06327167592490945,0.056835996738744794,-0.0032178395930823277,-0.06327167592490945,0.056835996738744794,0.12010767266365424,-0.0026079015222679287,-0.051278597079774564,0.046062794035238705,0.09734139111501328,1.1669752839804621,0.9546529094479526,1.3792976585129717,,0.9116151787129926,False,0,20,lambda row: row['Num Processes'] in [64]+[256],64_256,64/256,Quantile Regression,median
Log Num Processes,Latency Simsteps Outlet,latency-simsteps-outlet,1,2048,-0.0013840844203639835,-0.06092025562584009,0.05815208678511213,-0.0013840844203639835,-0.06092025562584009,0.05815208678511213,0.11907234241095221,-0.0010900339146606422,-0.04797766938558444,0.04579760155626316,0.0937752709418476,1.1914597170271715,0.9809675651007943,1.4019518689535486,,0.9615832451573794,False,0,20,lambda row: row['Num Processes'] in [64]+[256],64_256,64/256,Quantile Regression,median
Log Num Processes,Delivery Failure Rate,delivery-failure-rate,1,2048,0.0,,,0.0,,,,,,,,0.0,,,,,,,20,lambda row: row['Num Processes'] in [64]+[256],64_256,64/256,Quantile Regression,median
Log Num Processes,Delivery Clumpiness,delivery-clumpiness,1,2048,0.024024857010200316,-0.023509587753505222,0.07155930177390585,0.024024857010200316,-0.023509587753505222,0.07155930177390585,0.09506888952741108,0.03902644697358484,-0.03818943352892659,0.11624232747609625,0.15443176100502284,0.588539934133732,0.4204802929719641,0.7565995752954998,,0.3023445732581773,False,0,20,lambda row: row['Num Processes'] in [64]+[256],64_256,64/256,Quantile Regression,median
Log Num Processes,Simstep Period Inlet (ns),simstep-period-inlet-ns,1,2048,-78757.5578246681,-94966.40380169025,-62548.71184764594,-78757.5578246681,-94966.40380169025,-62548.71184764594,32417.691954044305,-0.046138231418526965,-0.055633796128392435,-0.03664266670866149,0.018991129419730947,2298910.820461757,2241603.8959339536,2356217.7449895605,,6.497645399514334e-09,True,-,20,lambda row: row['Num Processes'] in [64]+[256],64_256,64/256,Quantile Regression,median
Log Num Processes,Simstep Period Outlet (ns),simstep-period-outlet-ns,1,2048,-75026.879633997,-93531.77628864122,-56521.982979352775,-75026.879633997,-93531.77628864122,-56521.982979352775,37009.79330928845,-0.044832538843305667,-0.05589019580715422,-0.03377488187945711,0.02211531392769711,2248290.5512279454,2182865.8616796695,2313715.2407762213,,9.915126533494975e-08,True,-,20,lambda row: row['Num Processes'] in [64]+[256],64_256,64/256,Quantile Regression,median
Log Num Processes,Latency Walltime Inlet (ns),latency-walltime-inlet-ns,4,1,23724.681274066443,-3124.202170200537,50573.56471833342,23724.681274066443,-3124.202170200537,50573.56471833342,53697.76688853396,0.052005211837977995,-0.006848344717850918,0.1108587683938069,0.11770711311165782,340835.05529399513,245909.91754035317,435760.1930476371,,0.07983392798898645,False,0,20,lambda row: row['Num Processes'] in [64]+[256],64_256,64/256,Quantile Regression,median
Log Num Processes,Latency Walltime Outlet (ns),latency-walltime-outlet-ns,4,1,24093.592510943614,-9092.482807792818,57279.667829680046,24093.592510943614,-9092.482807792818,57279.667829680046,66372.15063747286,0.052382738867469164,-0.019768291190333173,0.1245337689252715,0.14430206011560467,342010.4314518293,224679.93695759895,459340.9259460597,,0.14456252339184553,False,0,20,lambda row: row['Num Processes'] in [64]+[256],64_256,64/256,Quantile Regression,median
Log Num Processes,Latency Simsteps Inlet,latency-simsteps-inlet,4,1,0.00034694209276544364,-0.4154460476002959,0.41613993178582676,0.00034694209276544364,-0.4154460476002959,0.41613993178582676,0.8315859793861227,5.1693248578941476e-05,-0.061900116064209934,0.06200350256136781,0.12390361862557775,5.673590100610341,4.203539887701385,7.143640313519297,,0.9986205663420396,False,0,20,lambda row: row['Num Processes'] in [64]+[256],64_256,64/256,Quantile Regression,median
Log Num Processes,Latency Simsteps Outlet,latency-simsteps-outlet,4,1,-0.016512930599552913,-0.4286806877437865,0.3956548265446807,-0.016512930599552913,-0.4286806877437865,0.3956548265446807,0.8243355142884672,-0.002416665293994217,-0.06273736415412719,0.05790403356613877,0.12064139772026596,5.79137735875512,4.33414427843943,7.248610439070809,,0.9338499158231172,False,0,20,lambda row: row['Num Processes'] in [64]+[256],64_256,64/256,Quantile Regression,median
Log Num Processes,Delivery Failure Rate,delivery-failure-rate,4,1,0.018139639800973054,0.0038094518690721096,0.032469827732874,0.018139639800973054,0.0038094518690721096,0.032469827732874,0.028660375863801886,0.3296525620278812,0.06922935528709659,0.5900757687686657,0.5208464134815691,0.02152147833617432,-0.029143386975449694,0.07218634364779833,,0.015967711113644666,True,+,20,lambda row: row['Num Processes'] in [64]+[256],64_256,64/256,Quantile Regression,median
Log Num Processes,Delivery Clumpiness,delivery-clumpiness,4,1,0.014395704910799556,-0.007069109837864459,0.035860519659463574,0.014395704910799556,-0.007069109837864459,0.035860519659463574,0.04292962949732804,0.04272033867690366,-0.02097811592339927,0.1064187932772066,0.12739690920060587,0.3272942029474955,0.2514046226190287,0.4031837832759623,,0.17587212281998488,False,0,20,lambda row: row['Num Processes'] in [64]+[256],64_256,64/256,Quantile Regression,median
Log Num Processes,Simstep Period Inlet (ns),simstep-period-inlet-ns,4,1,295.22436023671685,-2833.907191242758,3424.3559117161913,295.22436023671685,-2833.907191242758,3424.3559117161913,6258.263102958949,0.004467514953482934,-0.042884410837602895,0.051819440744568755,0.09470385158217165,69823.41378517359,58760.26308879402,80886.56448155316,,0.8450976646699678,False,0,20,lambda row: row['Num Processes'] in [64]+[256],64_256,64/256,Quantile Regression,median
Log Num Processes,Simstep Period Outlet (ns),simstep-period-outlet-ns,4,1,628.5405875569516,-2217.742808226214,3474.8239833401167,628.5405875569516,-2217.742808226214,3474.8239833401167,5692.566791566331,0.009703490938188878,-0.034237800499886936,0.05364478237626469,0.08788258287615162,67690.100010491,57626.968558806286,77753.23146217573,,0.6482497123639167,False,0,20,lambda row: row['Num Processes'] in [64]+[256],64_256,64/256,Quantile Regression,median
Log Num Processes,Latency Walltime Inlet (ns),latency-walltime-inlet-ns,4,2048,-130630.63669574773,-308773.7905259025,47512.5171344071,-130630.63669574773,-308773.7905259025,47512.5171344071,356286.3076603096,-0.07126963858169319,-0.1684612202077467,0.025921943044360327,0.19438316325210703,2903201.2148355776,2273370.054359277,3533032.3753118785,,0.14081356053760197,False,0,20,lambda row: row['Num Processes'] in [64]+[256],64_256,64/256,Quantile Regression,median
Log Num Processes,Latency Walltime Outlet (ns),latency-walltime-outlet-ns,4,2048,-148561.43203281032,-310375.8520678027,13252.988002182014,-148561.43203281032,-310375.8520678027,13252.988002182014,323628.84006998467,-0.08021453173178703,-0.16758490608097182,0.0071558426173977405,0.17474074869836956,2993253.4514102507,2421153.082907695,3565353.8199128066,,0.0696705738373305,False,0,20,lambda row: row['Num Processes'] in [64]+[256],64_256,64/256,Quantile Regression,median
Log Num Processes,Latency Simsteps Inlet,latency-simsteps-inlet,4,2048,0.0011809887627357094,-0.07338807937001678,0.07575005689548821,0.0011809887627357094,-0.07338807937001678,0.07575005689548821,0.14913813626550498,0.0008904390084238139,-0.05533296394200312,0.057113841958850754,0.11244680590085387,1.3103470597676252,1.0467055910504706,1.5739885284847799,,0.9738227698136352,False,0,20,lambda row: row['Num Processes'] in [64]+[256],64_256,64/256,Quantile Regression,median
Log Num Processes,Latency Simsteps Outlet,latency-simsteps-outlet,4,2048,-0.006780996836590201,-0.0810997494270226,0.0675377557538422,-0.006780996836590201,-0.0810997494270226,0.0675377557538422,0.1486375051808648,-0.005000793329481878,-0.05980877085340778,0.04980718419444403,0.1096159550478518,1.3723907060905054,1.1096342364604053,1.6351471757206055,,0.8501289399452049,False,0,20,lambda row: row['Num Processes'] in [64]+[256],64_256,64/256,Quantile Regression,median
Log Num Processes,Delivery Failure Rate,delivery-failure-rate,4,2048,0.0,,,0.0,,,,,,,,0.0,,,,,,,20,lambda row: row['Num Processes'] in [64]+[256],64_256,64/256,Quantile Regression,median
Log Num Processes,Delivery Clumpiness,delivery-clumpiness,4,2048,-0.014742611661014248,-0.06979834788425442,0.040313124562225924,-0.014742611661014248,-0.06979834788425442,0.040313124562225924,0.11011147244648034,-0.021944737053153664,-0.10389654331837231,0.06000706921206499,0.16390361253043728,0.6989840234595164,0.5043326013261621,0.8936354455928707,,0.580662886175934,False,0,20,lambda row: row['Num Processes'] in [64]+[256],64_256,64/256,Quantile Regression,median
Log Num Processes,Simstep Period Inlet (ns),simstep-period-inlet-ns,4,2048,-91238.09471836411,-123441.08247084066,-59035.10696588757,-91238.09471836411,-123441.08247084066,-59035.10696588757,64405.97550495309,-0.05794727647046391,-0.07840008667247401,-0.03749446626845381,0.0409056204040202,2213200.668120917,2099345.9130496997,2327055.423192134,,1.2426534688821575e-05,True,-,20,lambda row: row['Num Processes'] in [64]+[256],64_256,64/256,Quantile Regression,median
Log Num Processes,Simstep Period Outlet (ns),simstep-period-outlet-ns,4,2048,-89794.99441190604,-119914.61108204685,-59675.37774176523,-89794.99441190604,-119914.61108204685,-59675.37774176523,60239.233340281615,-0.05835703611015022,-0.0779315298684597,-0.03878254235184074,0.039148987516618966,2173231.586287336,2066742.6603163565,2279720.5122583155,,6.600495758504772e-06,True,-,20,lambda row: row['Num Processes'] in [64]+[256],64_256,64/256,Quantile Regression,median
